id,curation_id,lesson_id,lesson_title,component,is_critical,source_ref,source_title,source_rationale,url_status,http_status_code,last_checked_at,failure_reason,apta,motivo_no_apta,cobertura_completa,notes,auto_evaluated,auto_reason,forbidden_override,created_at,updated_at
00002943-b1f9-4532-99e0-61faafb9dd12,3c18304c-8207-4a81-99c9-ee4f4a58a06d,1q3dr6kc9,Lección 4.3: Agrupación de tareas (Batching) por contexto,EXERCISE,false,https://drjoseferrer.com/tres-beneficios-de-utilizar-la-tecnica-de-task-batching-para-la-productividad/,drjoseferrer.com,Fuente verificada de Google Search (grounding),OK,200,,,true,,,Fuente: grounding_direct. Validado OK.,false,,false,2026-01-14 00:19:14.465+00,2026-01-14 00:19:15.70359+00
001a5d22-a989-4e7a-9b5e-69a595f46c9a,97d46e57-01a1-4b8f-ba2b-a7cd41ca1d40,8yc2hsz04,Lección 2.5: Diseño de Materiales de Prospección: de Tarjetas a Objetos Interactivos,VIDEO_GUIDE,false,https://www.fromdoppler.com/blog/las-mejores-tacticas-para-crear-llamadas-a-la-accion-infalibles/,fromdoppler.com,Fuente de pase de recuperación (Google Search),OK,200,,,true,,true,"[R=6/P=7/C=8/A=8=7.3] El artículo aborda la creación de 'Llamadas a la Acción' (CTA), un elemento crucial para el diseño de materiales de prospección (Lección 2.5). Aunque el enfoque original es digital, los principios de redacción persuasiva son totalmente transferibles a tarjetas y objetos físicos para que el freelancer sepa qué pedirle al prospecto.",true,,false,2026-01-15 00:24:01.813+00,2026-01-15 01:59:29.812943+00
001d98fb-fbbe-4414-9577-b77cf75bba08,5b3e89ae-ed27-401d-a6e5-aa5904cb407a,3m64ai80b,¿Qué es un modelo de lenguaje?,DIALOGUE,true,https://oa.upm.es/82775/1/ChatGPT_Tus_primeros_prompts_con_100_ejemplos.pdf,ChatGPT: tus primeros prompts con 100 ejemplos,"Proporciona detalles técnicos precisos (Transformer, preentrenamiento, NLP) que permiten construir un diálogo educativo con profundidad y rigor.",OK,200,,,true,,true,,false,,false,2026-01-03 23:25:52.293807+00,2026-01-03 23:27:30.707256+00
005de00f-8c09-48a2-9f0f-05667985f4ca,5b3e89ae-ed27-401d-a6e5-aa5904cb407a,ihynl3tpr,Paso 3: Establecimiento de límites definidos (anti-desviación),DIALOGUE,true,https://www.merriam-webster.com/dictionary/paso,PASO Definition & Meaning - Merriam-Webster,Fuente encontrada para DIALOGUE,OK,200,,,true,,true,,false,,false,2026-01-03 23:25:52.293807+00,2026-01-03 23:27:43.652949+00
007b29e8-dde0-4a9b-9a4b-c8760da13e33,3c18304c-8207-4a81-99c9-ee4f4a58a06d,8p4d74yjj,Lección 1.3: El costo oculto del perfeccionismo y la multitarea,EXERCISE,false,https://early.app/es/blog/estadisticas-del-tiempo/,early.app,Fuente verificada de Google Search (grounding),OK,200,,,true,,,Fuente: grounding_direct. Validado OK.,false,,false,2026-01-14 00:15:40.23+00,2026-01-14 00:15:41.381696+00
0098213b-5e19-439f-9664-2fff988ed987,97d46e57-01a1-4b8f-ba2b-a7cd41ca1d40,owzqttc7k,Lección 4.3: Cálculo del Retorno de Inversión (ROI) en Marketing de Guerrilla,VIDEO_DEMO,false,https://en.camaradesevilla.com/roi-campanas-marketing/,camaradesevilla.com,Fuente verificada de Google Search (grounding),OK,200,,,true,,true,"[R=8/P=7/C=9/A=6=7.5] El artículo proviene de una fuente académica confiable y explica claramente el concepto de ROI, su importancia y su función en marketing. Aunque menciona ejemplos digitales, la definición teórica es universal y fundamental para explicar el cálculo del ROI en cualquier estrategia, incluida la de guerrilla. Sirve perfectamente como base teórica para el guion del video.",true,,false,2026-01-15 00:08:44.126+00,2026-01-15 01:31:10.419847+00
00cbc571-05a5-404a-a9ff-0ce3dfd3872a,5b3e89ae-ed27-401d-a6e5-aa5904cb407a,rnxcyh2pg,Paso 5: Uso estratégico de archivos y contexto,READING,true,https://unesdoc.unesco.org/ark:/48223/pf0000390905,ChatGPT en educación superior: explorando sus ...,"Proporciona un marco sobre la producción de materiales didácticos, lo cual es útil para entender el contexto pedagógico, aunque no profundiza en la carga técnica de archivos en GPTs.",OK,200,,,true,,true,,false,,false,2026-01-03 23:25:52.293807+00,2026-01-03 23:27:56.862188+00
010845d1-eefd-4f1a-b47b-faf4c32fc151,a67a2719-7964-4719-9145-bd2625efa331,txojb1po8,Lección 4.4: Diseño de un Plan de Acción Personal para la Mejora Continua del Liderazgo,VIDEO_GUIDE,false,https://vertexaisearch.cloud.google.com/grounding-api-redirect/AUZIYQEYOaxtmoJXBrYZds0XkrbRbtjkJyvpuw0Dq-UlKaH2GSIdkC8IXajZN_BW-6izyaoBDWDMf17FZY8dLI6nePwvc75nekZRxN4YBXHlECR0imN8gQMXAZMFsQPFrNJh_hkFiZ1mgf-afYNGrxbl9WrS4XG2dQdsdgiT7HjkubyPvD9zbhkfmerC0OoIVaDQO_GiKgJ7xhV3D-Pms2fgd6_TG9TJ_U1i-TXGAlVPizN2xZJfGl4fZJn3o3RusoB7g3_hSQ==,greatplacetowork.com.py,Fuente de Google Search reasignada,OK,200,,,false,"[R=3/P=5/C=8/A=2=4.5] La fuente se centra en el análisis de encuestas de clima a nivel organizacional, lo cual es tangencial y no aborda el tema central de la lección: el diseño de un plan de acción personal para el desarrollo del liderazgo individual. El desajuste temático es demasiado grande.",false,Fuente: grounding_reassigned. Validado OK.,true,CONTENT_LOW_QUALITY,false,2026-01-16 23:21:15.647+00,2026-01-16 23:53:40.182695+00
010b40b6-9867-4aed-9b0d-23e94105d538,c31da164-fd53-4477-82c2-92592a3343d3,qc6fuy2yo,Cubre la importancia de estos tres componentes para influir en la salida del modelo de lenguaje.,READING,true,https://vertexaisearch.cloud.google.com/grounding-api-redirect/AUZIYQGXDKt7csiwHRpu6f_rzkURhdWNUjxJSRysUaP4bPHmkUnCMWORE_WXpdv3bV2uaawCDH1_LyFcdeUfsBvhQBSiM-dyrc9n8V9Utu7feF8-flVEVIe6NtFrOE13sZb0Kio8braMWB3U7aChxzkwafgHjlTGf3YZ1NT3JDsmWdSubUUQ_kVO7r9qODpqlqlxNXzs54WToyZc6RhhC97J3btx-mGU2g==,¿Qué son los modelos de lenguaje de grandes (LLM)? - Microsoft Azure,Este artículo explica cómo funcionan los LLM y cómo se utilizan para crear soluciones basadas en inteligencia artificial. Proporciona información valiosa sobre la arquitectura y las capacidades de los LLM.,OK,200,2026-01-04 00:32:00.387+00,,true,,true,,false,,false,2026-01-04 00:37:28.135888+00,2026-01-04 00:38:07.510507+00
0123f290-4ec5-4576-9200-03a4c70b0a81,ff779670-39e4-40fe-8978-54f3dd6a5ba8,cwzijbnlz,"Lección 2.1: Redacción Clara y Concisa para Tareas, Revisiones de Código y Documentación",DIALOGUE,true,https://vertexaisearch.cloud.google.com/grounding-api-redirect/AUZIYQH9Im4D4ucQVs-1SyWQRHh1kYAI-yeI69wwodZV8Z1pumtYxapNjbj6qZLKlbINuxuJHdQhjeZS7jv2V7vibAMu3xc7vIJnbVmQqToNVEXflK5oKQVkWXPG74cdPpIiL0-ZVSdf10nNEnDYVDHkmJzwX7PXQAG6UP8zVAK_pv9VRvBLhVE=,Buenas prácticas de codificación y directrices para un código mejor - DataCamp,"Este artículo de 2024 ofrece directrices para buenas prácticas de codificación, incluyendo la importancia de la documentación y la comunicación clara en el código, lo cual es útil para el diálogo sobre redacción en tareas de desarrollo.",OK,200,,,,,,Fuente: vertex_redirect. Verificado.,false,,false,2026-01-16 17:56:47.98+00,2026-01-16 17:56:48.050284+00
013d6e6c-b900-4dca-ba27-844567bbed06,c31da164-fd53-4477-82c2-92592a3343d3,45mrxm8k6,La Plantilla Estructurada para la Configuración del GPT,DIALOGUE,true,https://vertexaisearch.cloud.google.com/grounding-api-redirect/AUZIYQGawRWC3tZZmYV_qRE7B1vIGsYW40w01xkcqdcbEP7ju0REP6iMeIjO4OKGHfGd2eCKKvg6EKn7uOIAzxhxUlVE2DrlWaP13br_0vgj5EcitFilwx3j8pvlPq62dE67tk5kCigFvYt-keWfD5ipUoABcukp3FPVPbSyjkYt,La guía definitiva para crear una plantilla de instrucciones personalizadas de ChatGPT,"Ofrece consejos sobre cómo ser específico en las instrucciones y darle una personalidad clara al GPT, mejorando la calidad del diálogo.",OK,200,2026-01-04 00:35:03.134+00,,true,,true,,false,,false,2026-01-04 00:37:28.135888+00,2026-01-04 00:38:17.332795+00
017af7c2-c39a-4b61-8929-edcdf1b8719d,97d46e57-01a1-4b8f-ba2b-a7cd41ca1d40,i85749149,Lección 1.2: El Manifiesto del Freelancer: Principios de la Publicidad No Convencional,QUIZ (CRITICO),true,https://www.puromarketing.com/44/16136/reglas-principios-manifiesto-marketing-moderno,12 reglas y principios del manifiesto del Marketing Moderno,"Este artículo, aunque de 2013, habla sobre el marketing moderno y el manifiesto que lo define, lo cual es relevante para los principios de la publicidad no convencional. Aunque no es de 2024 o 2025, es la mejor opción disponible sobre el tema.",OK,200,,,true,,true,"[R=5/P=7/C=8/A=8=7] El contenido ofrece una lista estructurada de principios de marketing (estrategia, autenticidad, creatividad) que son excelentes para generar preguntas de un QUIZ sobre un 'Manifiesto'. Aunque el texto se enfoca mucho en lo digital/Big Data (y el curso es sobre estrategias físicas), los conceptos de diferenciación y creatividad son transferibles y útiles para la base teórica de la lección.",true,,false,2026-01-15 00:02:25.287+00,2026-01-15 00:58:34.119091+00
025bf7f1-c0ab-49ff-bfe6-f44dd1733369,3ab6a429-fda4-454d-bad5-98021f893ebe,kbutuklxb,La Premisa Fundamental para Asistentes Reales,READING,true,https://www.vktr.com/ai-strategy/persona-prompting-guide/,Persona Prompting: Por qué tu IA necesita una identidad,Artículo profundo que explica la 'premisa fundamental': la identidad como filtro cognitivo para la IA.,NOT_FOUND,404,2026-01-04 01:03:06.207+00,Pagina no encontrada (404),false,Pagina no encontrada (404),,,true,HTTP_404,false,2026-01-04 01:07:38.111412+00,2026-01-04 01:09:25.014291+00
026a51fe-6793-43dc-a472-bc1109cf9fb2,3ab6a429-fda4-454d-bad5-98021f893ebe,Definiendo la Interfaz ChatGPT,Definiendo la Interfaz ChatGPT,DEMO_GUIDE,true,https://imacreste.com/manual-chatgpt/,Imacreste: Manual ChatGPT 2025 - Interfaz y Funciones,"Guía actualizada que cubre las versiones más recientes de la interfaz, incluyendo la gestión de modelos, el historial de chats y las nuevas funciones de búsqueda dentro de las conversaciones.",PENDING,,,,,,,(Intento 2),false,,false,2026-01-04 01:10:01.710988+00,2026-01-04 01:10:01.710988+00
027ec2b8-a299-44c7-b772-05ddb5e5c8b1,97d46e57-01a1-4b8f-ba2b-a7cd41ca1d40,v85eoit32,Lección 2.1: Definiendo al Cliente Ideal Fuera de Línea: Comportamientos y Lugares Clave,EXERCISE,false,https://universidadeuropea.com/blog/brainstorming/,universidadeuropea.com,Fuente verificada de Google Search (grounding),OK,200,,,false,"[R=2/P=1/C=3/A=1=1.8] El contenido extraído es 'ruido' de la página web (menús de navegación, listas de grados, números de teléfono) y no contiene el cuerpo del artículo sobre Brainstorming. Al no haber texto explicativo ni ejemplos, es imposible utilizarlo para crear un ejercicio.",false,Fuente: grounding_direct. Validado OK.,true,CONTENT_LOW_QUALITY,false,2026-01-15 00:03:32.253+00,2026-01-15 01:07:29.197433+00
02bb97e9-036f-44c6-9c3a-c2b2b969179e,c31da164-fd53-4477-82c2-92592a3343d3,00y17wq8n,Gestión de la Memoria de Conversación y la Memoria de Cuenta,READING,true,https://vertexaisearch.cloud.google.com/grounding-api-redirect/AUZIYQF2nKI3_fGU85bk-FaRmyBUSWwMAxZHtxIjkJ5GLkV2QZPbA5rD_boMDcvCFIqqN3wjqDw_tazY06qNfK8GImpQw0FrkXUda2hFxu0YP_azqnsMR6okNP5A-haGlN2zZCalkDCpEikDKPyiWgtkRW32oq1AVUxj_Qoj21sF4uPNQ5U977qsXEVN9lsNo7KtxUk=,ChatGPT Context Window & Prompt Engineering Guide | O8 AI Marketing,"Describe la ventana de contexto en ChatGPT, cómo funciona y cómo los usuarios pueden gestionarla para mantener conversaciones coherentes. Incluye ejemplos y consejos prácticos.",FORBIDDEN,403,2026-01-04 00:29:39.761+00,Acceso prohibido (403),false,Acceso prohibido (403) - Posible paywall o login,,,true,HTTP_403,false,2026-01-04 00:37:28.135888+00,2026-01-04 00:37:52.779229+00
02bc6439-54fb-48d4-bde8-7dd3ffe7fcf9,5b3e89ae-ed27-401d-a6e5-aa5904cb407a,4mlduilek,"Las tres funciones clave: Memoria, Contexto e Instrucciones",DEMO_GUIDE,false,https://www.microsiervos.com/archivo/ordenadores/,Archivo por categorías | Ordenadores,"La fuente se centra en la historia de la computación y hardware antiguo (Colossus, superordenadores), lo cual carece de relevancia para la configuración práctica de memoria, contexto e instrucciones en GPTs.",OK,200,,,true,,true,,false,,false,2026-01-03 23:25:52.293807+00,2026-01-03 23:27:33.890374+00
03052e5a-f285-4e3c-8561-491ecdd0c449,799e5d9c-e084-4a5b-ad2b-3dc707486478,hr5nayief,Lección 2.4: El correo electrónico como registro formal y legal de acuerdos,QUIZ,true,https://www.scielo.org.mx/scielo.php?script=sci_arttext&pid=S2448-51362024000100002,scielo.org.mx,Fuente verificada de Google Search (grounding),OK,200,,,true,,,Fuente: grounding_direct. Validado OK.,false,,false,2026-01-14 01:58:37.314+00,2026-01-14 01:58:39.960295+00
0315a634-fa76-4247-9b23-e1acbb1788e2,3c18304c-8207-4a81-99c9-ee4f4a58a06d,t8w9ebnwv,Lección 3.3: Técnicas Pomodoro y Time Blocking para la concentración,DIALOGUE,true,https://immamontoya.com/tecnica-pomodoro-mejora-tu-productividad-en-pocos-pasos/,immamontoya.com,Fuente verificada de Google Search (grounding),OK,200,,,true,,,Fuente: grounding_direct. Validado OK.,false,,false,2026-01-14 00:08:54.281+00,2026-01-14 00:08:55.423568+00
0376c6df-d45c-4094-b20c-1269dc0161b1,ff779670-39e4-40fe-8978-54f3dd6a5ba8,rpida2928,Lección 3.4: Integración de Herramientas para Automatizar la Comunicación y Reducir el Ruido,VIDEO_DEMO,false,https://vertexaisearch.cloud.google.com/grounding-api-redirect/AUZIYQE9jVO3S0dl8bvM__3_-JWZOwnQEnXfNsCQ0baJOum0f8VnjMPiKBtSWHTJpad-Xzf6mpwQ1Mdn9w0UxwrYym8XgOJFf_hPQC4Q4vM3dAaq0FqwNfq-zhaW6EyrJkI6sLmyfKa4LHM=,Herramientas Tecnológicas para Automatizar Procesos y Mejorar la Productividad.,"Este recurso, aunque es la transcripción de un webinar, describe herramientas tecnológicas para automatizar procesos y mejorar la productividad, lo cual es relevante para una video demostración sobre la integración de herramientas para automatizar la comunicación.",OK,200,,,,,,Fuente: vertex_redirect. Verificado.,false,,false,2026-01-16 18:00:21.717+00,2026-01-16 18:00:21.974859+00
03800848-a17c-4c00-a5b9-f7bda1396a2a,97d46e57-01a1-4b8f-ba2b-a7cd41ca1d40,trbjcifja,Lección 2.4: Creación del Mensaje Central y Llamado a la Acción (CTA) Físico,QUIZ,true,https://blog.hubspot.es/marketing/marketing-de-guerrilla,hubspot.es,Fuente de reemplazo encontrada automáticamente,OK,200,,,true,,true,"[R=8/P=8/C=9/A=8=8.3] Reemplazo automático. El artículo proviene de una fuente confiable (HubSpot) y aborda el tema central del curso (Marketing de Guerrilla). Aunque la lección es específica sobre 'Mensaje y CTA', este contenido proporciona la base teórica, definiciones y ejemplos (mencionados en el título) esenciales para crear preguntas de un QUIZ que validen si el estudiante entiende la naturaleza de estas estrategias antes de diseñarlas.",true,,false,2026-01-15 01:39:39.865+00,2026-01-15 01:39:38.664992+00
03bc66cd-93bf-4036-9bfc-78d08741764c,c31da164-fd53-4477-82c2-92592a3343d3,rtlhzvcbl,Caso Práctico: Asistente de Atención al Cliente,QUIZ,true,https://vertexaisearch.cloud.google.com/grounding-api-redirect/AUZIYQH6RPdJB10qERR1-hcM_Qmevgr6rRojlgNz9wIx-d3gnzOIqniMvN9oUICOiHJqbFxVrETBe2pBFYolVuEtHdGXgFB7TTohRriVhjFw1eMJdFcDfzbfVA8AthFk0Ig4sSL6el4PjOGFk2kOKg==,11 pasos para la implementación exitosa de un chatbot,"Describe los pasos necesarios para implementar un chatbot exitoso, lo que puede generar preguntas sobre el proceso de implementación y las consideraciones clave.",OK,200,2026-01-04 00:36:20.502+00,,true,,true,,false,,false,2026-01-04 00:37:28.135888+00,2026-01-04 00:38:23.763245+00
04529860-cc3a-4986-b418-6021507a59e8,5b3e89ae-ed27-401d-a6e5-aa5904cb407a,2zqgbwov1,Caso práctico: Asistente de atención al cliente,DIALOGUE,true,https://unesdoc.unesco.org/ark:/48223/pf0000390905,ChatGPT en educación superior: explorando sus ...,"Se centra en políticas y limitaciones en educación superior, lo cual es irrelevante para un caso práctico de atención al cliente.",OK,200,,,true,,true,,false,,false,2026-01-03 23:25:52.293807+00,2026-01-03 23:27:45.477647+00
0480e9fe-4d12-4fc4-a07e-cf339fc72461,3c18304c-8207-4a81-99c9-ee4f4a58a06d,86j5ff8b6,Lección 2.3: Implementación de Tableros Kanban Personales,QUIZ,true,https://kanbantool.com/es/tablero-kanban-personal,kanbantool.com,Fuente verificada de Google Search (grounding),OK,200,,,true,,,Fuente: grounding_direct. Validado OK.,false,,false,2026-01-14 00:16:47.345+00,2026-01-14 00:16:49.355357+00
04c41fdd-c335-4281-97e0-c7bef3c4eaf6,3ab6a429-fda4-454d-bad5-98021f893ebe,qo22dlpgz,La Plantilla Estructurada para la Configuración del GPT,DEMO_GUIDE,false,https://www.eesel.ai/blog/how-to-build-a-custom-gpt,Cómo construir un GPT personalizado en 2025,Guía actualizada que muestra la interfaz de configuración y la carga de archivos de conocimiento.,OK,200,2026-01-04 01:07:00.716+00,,true,,true,,false,,false,2026-01-04 01:07:38.111412+00,2026-01-04 01:08:48.680047+00
04f090c4-ec8e-4cb3-9c7d-494501ec7866,3c18304c-8207-4a81-99c9-ee4f4a58a06d,fz5d6yof3,Lección 1.4: Análisis de cronotipos y gestión de energía biológica,EXERCISE,false,https://www.youtube.com/watch?v=5iCR7r_xWKo,Cómo ORGANIZAR tu día según tu ENERGÍA (cronotipos) Te regalo plantilla - YouTube,"Este video ofrece una guía sobre cómo organizar el día según los cronotipos y los picos de energía, incluyendo una plantilla descargable que puede ser utilizada para ejercicios prácticos.",OK,200,,,true,,,Fuente: vertex_redirect. Verificado.,false,,false,2026-01-14 00:16:03.069+00,2026-01-14 00:16:03.143382+00
0500e383-aa83-4c43-bfe4-19bf46ef1fac,c31da164-fd53-4477-82c2-92592a3343d3,cq3rn7d3b,¿Qué es un modelo de lenguaje?,READING,true,https://vertexaisearch.cloud.google.com/grounding-api-redirect/AUZIYQFTziY6DgtGvyZu9oqJdj_CDkJsnjFbty4t3naiqFTLqRSvlcqETEtHpzRljRtLkevwybbmHD8BxBUfAWcNNjwTlOEwxUCe83BJXul4rMg835NHzhQekvI3WJVJbDuL1JrULDI_9Aj-qNHicQrEFuEtGhTiDOrrTYw=,Grandes Modelos de Lenguaje (Large Language Models) - Codificando Bits,"Define qué son los LLM, cómo se entrenan y ajustan, y sus aplicaciones en el procesamiento y generación del lenguaje natural.",OK,200,2026-01-04 00:30:47.84+00,,true,,true,,false,,false,2026-01-04 00:37:28.135888+00,2026-01-04 00:38:05.09134+00
050c0256-eeae-4fd8-9a15-dfc02097c0d8,97d46e57-01a1-4b8f-ba2b-a7cd41ca1d40,8yc2hsz04,Lección 2.5: Diseño de Materiales de Prospección: de Tarjetas a Objetos Interactivos,QUIZ,true,https://qualifio.com/es/blog/10-quizzes-marketing-interactivo-debes-probar-publico/,10 quizzes de marketing interactivo que debes probar con tu público - Qualifio,"Este artículo presenta 10 quizzes de marketing interactivo que son relevantes para el diseño de materiales de prospección interactivos, específicamente en el contexto de un quiz. Publicado en 2023, es una fuente reciente y útil para generar ideas.",OK,200,,,true,,true,"[R=6/P=7/C=8/A=9=7.5] Aunque el contenido se centra en herramientas digitales, las mecánicas descritas (encuentra las diferencias, objetos ocultos, puzles, adivinanzas) son conceptualmente transferibles al diseño de objetos físicos interactivos (tema de la lección). Es excelente para crear un QUIZ donde el alumno identifique qué mecánicas de juego puede adaptar a sus tarjetas o flyers.",true,,false,2026-01-15 00:05:10.957+00,2026-01-15 01:11:05.937724+00
0516b2d9-dfec-44b5-a083-b97789730a28,799e5d9c-e084-4a5b-ad2b-3dc707486478,c8kq6eksd,Lección 4.2: Encuestas de salud comunicacional y clima remoto,QUIZ,true,https://mhanational.org/es/2024-workplace-wellness-research/,mhanational.org,Fuente verificada de Google Search (grounding),OK,200,,,true,,,Fuente: grounding_direct. Validado OK.,false,,false,2026-01-14 02:02:01.371+00,2026-01-14 02:02:09.472848+00
0548a87a-0916-41f6-aef9-f9ba207c8aac,ff779670-39e4-40fe-8978-54f3dd6a5ba8,8k4jfggqe,Lección 2.5: Técnicas de Feedback Asíncrono Constructivo sobre Código y Diseño,VIDEO_DEMO,false,https://vertexaisearch.cloud.google.com/grounding-api-redirect/AUZIYQFGxVTVdHHr1eZFHK9KOykRFOIxGh-iQJ8I445s90I7nZ4O5SWNcfdJrw8q6aNDbxxlv3WejufNB99xVnhjiC6KHioz4RhOFpVoXar2HA68wQYruMeeoLpEj3VuyYXQjX0VarDdtTI=,Técnicas de feedback constructivo - Curso de gestión de equipos de ventas - YouTube,"Este video de Edutin Academy, publicado en septiembre de 2024, explica las principales técnicas para proporcionar feedback constructivo, incluyendo el método SBI (Situación, Comportamiento, Impacto), que puede ser una buena demostración visual.",OK,200,,,,,,Fuente: vertex_redirect. Verificado.,false,,false,2026-01-16 17:58:43.035+00,2026-01-16 17:58:43.100456+00
054f3ba2-ed6d-4f4b-9b75-70c9e56626e7,3c18304c-8207-4a81-99c9-ee4f4a58a06d,1q3dr6kc9,Lección 4.3: Agrupación de tareas (Batching) por contexto,QUIZ,true,https://masymejor.com/batching-de-tareas/,masymejor.com,Fuente verificada de Google Search (grounding),OK,200,,,true,,,Fuente: grounding_direct. Validado OK.,false,,false,2026-01-14 00:20:06.791+00,2026-01-14 00:20:09.43862+00
05557c68-9086-40fb-8762-62b089dc4d02,be425f0e-7de9-4382-9bf7-6e1430fbc97b,z71zpygzo,Resumen de Reportes Financieros,QUIZ,true,https://www.youtube.com/watch?v=F1W43q1eE5s,YouTube: Interpretación de estados financieros,"Explicación visual sobre cómo resumir balances y cuentas de resultados, ideal para ejercicios prácticos.",OK,200,2025-12-30 16:44:42.455+00,,true,,true,,false,,false,2025-12-30 16:45:11.650137+00,2025-12-30 16:45:26.869244+00
0557b3aa-c0b8-4cc9-9187-ea364ec1c9c0,be425f0e-7de9-4382-9bf7-6e1430fbc97b,z71zpygzo,Resumen de Reportes Financieros,EXERCISE,false,https://theconversation.com/how-ai-is-changing-the-way-we-read-financial-reports-211568,How AI is changing financial reports,"Artículo académico sobre el procesamiento de datos financieros con IA, útil para el contexto del curso.",OK,200,2025-12-30 16:45:10.927+00,,true,,true,,false,,false,2025-12-30 16:45:11.650137+00,2025-12-30 16:45:28.067444+00
05596f61-2bb5-4d86-acd2-493874a258dd,3ab6a429-fda4-454d-bad5-98021f893ebe,m6638ibnt,Paso 2: Instrucciones de Comportamiento Efectivas,DEMO_GUIDE,false,https://openai.com/index/introducing-gpts/,OpenAI Blog: Introducing GPTs,"Muestra ejemplos de casos de uso (Canva, Zapier) y cómo sus instrucciones definen su utilidad.",FORBIDDEN,403,2026-01-04 01:04:08.722+00,Acceso prohibido (403),false,Acceso prohibido (403) - Posible paywall o login,,,true,HTTP_403,false,2026-01-04 01:07:38.111412+00,2026-01-04 01:09:17.789718+00
05739cd7-8578-4e91-990c-05a8e021021d,0ef46dd5-6802-48e4-a802-f30e2f02640c,dkc4eej46,Lección 3.3: Gestión de errores mediante bloques Try y Except,READING,true,https://learn.microsoft.com/es-es/training/modules/python-error-handling/,Microsoft Learn: Control de excepciones en Python,"Contenido estructurado pedagógicamente por Microsoft, ideal para lectura técnica con enfoque profesional y corporativo.",OK,200,2026-01-10 15:11:35.721+00,,,,,,false,,false,2026-01-10 15:14:04.849785+00,2026-01-10 15:14:04.849785+00
05f10406-c18f-4854-aa16-ec5bf4902c39,be425f0e-7de9-4382-9bf7-6e1430fbc97b,flmpe31oy,Guiones de Ventas de Elevator Pitch,DEMO_GUIDE,false,https://www.youtube.com/watch?v=0pLidm8VCHM,The Art of the Elevator Pitch,"Video demostrativo sobre cómo ejecutar un pitch, ideal para crear una guía visual.",OK,200,2025-12-30 16:45:10.558+00,,true,,true,,false,,false,2025-12-30 16:45:11.650137+00,2025-12-30 16:45:24.229216+00
05f31817-5731-4a42-8110-84d0f5d89d98,0ef46dd5-6802-48e4-a802-f30e2f02640c,9115k1vw3,Lección 3.4: Estructuración modular y uso de librerías estándar,DEMO_GUIDE,false,https://docs.python.org/3/tutorial/stdlib.html,The Python Standard Library - Brief Tour,Muestra ejemplos prácticos y rápidos de librerías estándar como 'os' y 'math' para demostraciones en vivo.,OK,200,2026-01-10 15:11:18.888+00,,,,,,false,,false,2026-01-10 15:14:04.849785+00,2026-01-10 15:14:04.849785+00
05f37ed5-a0af-41dd-95ac-48f21d6a5879,3ab6a429-fda4-454d-bad5-98021f893ebe,kbutuklxb,La Premisa Fundamental para Asistentes Reales,QUIZ,true,https://help.openai.com/en/articles/9358033-key-guidelines-for-writing-instructions-for-custom-gpts,Mejores prácticas de instrucciones (Trigger/Instruction pairs),"Contiene reglas específicas (evitar negaciones, usar delimitadores) que son perfectas para evaluar mediante un quiz.",OK,200,2026-01-04 01:03:06.211+00,,true,,true,,false,,false,2026-01-04 01:07:38.111412+00,2026-01-04 01:08:38.741491+00
061910c6-c908-4c29-8482-9d4ba323c98d,ce1241e0-a044-4daf-ba8e-732ef6d1b570,ifcrjjmyk,Guiones de Ventas de 'Elevator Pitch',DIALOGUE,true,https://es.wikipedia.org/wiki/Elevator_pitch,Elevator Pitch: Definición y Estructura (Wikipedia),Define los pilares de un elevator pitch que deben ser programados en el diálogo con Lia.,OK,200,2025-12-31 15:51:52.512+00,,true,,true,,false,,false,2025-12-31 15:51:49.671547+00,2025-12-31 15:53:44.41328+00
0619b63c-d5d2-4739-baec-5c7744f96894,799e5d9c-e084-4a5b-ad2b-3dc707486478,gkzpha3in,Lección 4.4: Optimización del flujo de información organizacional,EXERCISE,false,https://www.bitrix24.es/articles/eficiencia-flujo-de-trabajo-de-equipo.php,8 estrategias comprobadas para mejorar la eficiencia del flujo de trabajo en tu equipo,"Este artículo de junio de 2024 proporciona estrategias para mejorar la eficiencia del flujo de trabajo en un equipo, lo cual puede ser útil para un ejercicio sobre cómo optimizar el flujo de información organizacional. Ofrece consejos prácticos para identificar y eliminar ineficiencias, reorganizar recursos y mejorar la productividad del equipo.",OK,200,,,true,,,Fuente: vertex_redirect. Verificado.,false,,false,2026-01-14 02:02:26.455+00,2026-01-14 02:02:27.767836+00
0631faa6-d3e9-4049-a29a-393c3fd93a70,5bc7c2e4-b8da-4359-bb5d-ae40190db733,lnzajtjfb,Lección 3.2: Implementación de Prácticas para Fomentar la Confianza y la Vulnerabilidad,READING,true,https://vertexaisearch.cloud.google.com/grounding-api-redirect/AUZIYQHXdFmiS9iKJRGrHhGc4FRT_29vL1ilJtzS6xry_A_6qK0YU_U0qoSeKj-KooGL0dTW7VdcEhpEX_WPIDocU0W_V0PHH2aDWMYjgFw3-5bvB9iEMmDgjm6j4kQX59VeA2UxnfFXks3nRiHq3I5_PwBJcUzJvhfmwTbh1NFsBr6Nl49y2CY7y_N9FOWCToNv2Rhu7-6rVSWHjA==,Vulnerabilidad y Confianza. Emociones esenciales en el Líder - Cecilia Russo,"Este artículo explora la importancia de la vulnerabilidad y la confianza en el liderazgo, ofreciendo ideas sobre cómo los líderes pueden fomentar estas emociones en sus equipos. Incluye una discusión sobre la autoconfianza y cómo se relaciona con la confianza en los demás, y cómo la vulnerabilidad permite la resiliencia, impulsando a los líderes a superar los desafíos.",OK,200,,,,,,Fuente: vertex_redirect. Verificado.,false,,false,2026-01-16 06:19:02.033+00,2026-01-16 06:19:01.81539+00
064cf171-535f-4199-8141-2bea3f02d19b,a67a2719-7964-4719-9145-bd2625efa331,h1dmxgj16,Lección 4.3: Uso de Encuestas de Clima y Compromiso para Evaluar el Liderazgo,VIDEO_DEMO,false,https://bestpracticesforum.com/blog/clima-laboral/preguntas-medir-clima-laboral/,bestpracticesforum.com,Fuente encontrada en segunda pasada,OK,200,,,true,,true,"[R=9/P=7/C=7/A=8=7.8] Reemplazo (2da pasada). La fuente es altamente relevante, ya que proporciona un marco conceptual (las 5 relaciones) y una lista de 28 preguntas específicas para medir el clima laboral, incluyendo una sección dedicada al liderazgo. Su enfoque práctico es muy adecuado para crear un VIDEO_DEMO que muestre cómo estructurar una encuesta.",true,,false,2026-01-17 00:17:50.487+00,2026-01-17 00:17:50.641197+00
06775ee3-2bbf-48cd-9598-ac9865a99259,5b3e89ae-ed27-401d-a6e5-aa5904cb407a,hqwj0ojiy,Checklist final y prueba de producto,EXERCISE,false,https://atica.web.uah.es/documentos/LibroActasATICA2022.pdf,atica2022 - ATICA 2023,"Aunque menciona el concepto de 'assessment center' y ejercicios de evaluación, su contexto académico y enfocado en discapacidad es ajeno al desarrollo técnico de GPTs.",OK,200,,,true,,true,,false,,false,2026-01-03 23:25:52.293807+00,2026-01-03 23:27:53.759449+00
0691d59d-5d22-4b9f-9131-be17e02c2561,3c18304c-8207-4a81-99c9-ee4f4a58a06d,8p4d74yjj,Lección 1.3: El costo oculto del perfeccionismo y la multitarea,EXERCISE,false,https://www.hellobonsai.com/es/blog/auditoria-de-tiempo,hellobonsai.com,Fuente verificada de Google Search (grounding),OK,200,,,true,,,Fuente: grounding_direct. Validado OK.,false,,false,2026-01-14 00:15:21.889+00,2026-01-14 00:15:22.333891+00
06a38d03-cbbc-4ccb-a62d-cdc538c9ccd4,3ab6a429-fda4-454d-bad5-98021f893ebe,a21nfvs4z,Checklist Final y Prueba de Producto,READING,true,https://learn.microsoft.com/es-es/azure/ai-services/responsible-ai-overview,Microsoft Learn: Principios de IA responsable,Aporta un marco teórico para el checklist de seguridad y sesgos en modelos de lenguaje.,NOT_FOUND,404,2026-01-04 01:05:58.998+00,Pagina no encontrada (404),false,Pagina no encontrada (404),,,true,HTTP_404,false,2026-01-04 01:07:38.111412+00,2026-01-04 01:09:19.632864+00
07044770-239b-4e33-8127-77fcfd40c712,5b3e89ae-ed27-401d-a6e5-aa5904cb407a,c5j18laki,Paso 2: Instrucciones de comportamiento efectivas,READING,true,https://unesdoc.unesco.org/ark:/48223/pf0000390905,ChatGPT en educación superior: explorando sus ...,Es un documento académico y teórico sobre el impacto en la educación; aporta contexto pero no instrucciones técnicas para configurar el comportamiento de la IA.,OK,200,,,true,,true,,false,,false,2026-01-03 23:25:52.293807+00,2026-01-03 23:27:39.930746+00
07070e3e-1f6f-4fa3-9c24-4f6c93a5db53,5b3e89ae-ed27-401d-a6e5-aa5904cb407a,rnxcyh2pg,Paso 5: Uso estratégico de archivos y contexto,DIALOGUE,true,https://oa.upm.es/82775/1/ChatGPT_Tus_primeros_prompts_con_100_ejemplos.pdf,ChatGPT: tus primeros prompts con 100 ejemplos,"Proporciona una base técnica sólida sobre Prompt Engineering y el entrenamiento de modelos, lo cual ayuda a entender cómo la IA procesa el contexto, aunque no se enfoca exclusivamente en la función de archivos de los GPTs.",OK,200,,,true,,true,,false,,false,2026-01-03 23:25:52.293807+00,2026-01-03 23:27:56.10741+00
071f65e7-ec1a-4ca1-a984-ad7a0b60f72d,3ab6a429-fda4-454d-bad5-98021f893ebe,zfxtqcjvb,¿Qué es un modelo de lenguaje?,DEMO_GUIDE,false,https://proyectodescartes.org/i_cartesi_libri/materiales_didacticos/IA_generativa/index.html,Guía Interactiva de LLM - Proyecto Descartes,Recurso didáctico interactivo en español diseñado específicamente para explicar LLMs en entornos educativos.,NOT_FOUND,404,2026-01-04 01:02:29.94+00,Pagina no encontrada (404),false,Pagina no encontrada (404),,,true,HTTP_404,false,2026-01-04 01:07:38.111412+00,2026-01-04 01:09:24.225109+00
0749e753-6a39-425c-89bb-36bc246a5cf8,3ab6a429-fda4-454d-bad5-98021f893ebe,2318o64b8,Caso Práctico: Asistente de Atención al Cliente,READING,true,https://es.wikipedia.org/wiki/Chatbot,"Chatbot - Wikipedia, la enciclopedia libre","Define la base tecnológica de los asistentes conversacionales, esencial para entender el funcionamiento técnico de un GPT en soporte.",OK,200,2026-01-04 01:05:37.906+00,,true,,true,,false,,false,2026-01-04 01:07:38.111412+00,2026-01-04 01:08:44.099829+00
0759fe40-1306-436f-8ccc-7d925d187e6d,799e5d9c-e084-4a5b-ad2b-3dc707486478,rkmer3wpc,Lección 3.4: Estructuración de reuniones eficientes y agendas previas,VIDEO_DEMO,false,https://asana.com/es/resources/run-effective-meetings-agenda-tips,asana.com,Fuente verificada de Google Search (grounding),OK,200,,,true,,,Fuente: grounding_direct. Validado OK.,false,,false,2026-01-14 02:00:58.402+00,2026-01-14 02:00:59.710939+00
07631cb6-7ed6-4781-84f8-005bea3aa98b,97d46e57-01a1-4b8f-ba2b-a7cd41ca1d40,3xww1oyqo,Lección 1.1: Introducción al Marketing de Guerrilla: Más Allá de lo Digital,READING,true,https://www.coursera.org/mx/articles/guerrilla-marketing,coursera.org,Fuente de pase de recuperación (Google Search),OK,200,,,true,,true,"[R=9/P=7/C=9/A=10=8.8] El contenido es excelente para una introducción teórica. Define claramente el marketing de guerrilla, su origen, y su enfoque en creatividad y bajo presupuesto en espacios públicos, lo cual se alinea perfectamente con el objetivo de la lección 1.1 y el contexto del curso para freelancers.",true,,false,2026-01-15 00:09:54.426+00,2026-01-15 01:34:00.689605+00
07825a81-a89d-4742-8771-156e33363c59,3c18304c-8207-4a81-99c9-ee4f4a58a06d,e53pmkqft,Lección 3.1: Fundamentos neurocientíficos del trabajo profundo (Deep Work),DIALOGUE,true,https://productividad.dev/2025/07/02/enfocate-deep-work-de-cal-newport-la-clave-para-la-productividad-en-un-mundo-disperso/,productividad.dev,Fuente verificada de Google Search (grounding),OK,200,,,true,,,Fuente: grounding_direct. Validado OK.,false,,false,2026-01-14 00:17:28.042+00,2026-01-14 00:17:31.191257+00
07d0cfd3-dcf4-4a99-9e5e-a2bf00812a42,a67a2719-7964-4719-9145-bd2625efa331,3h77519qe,Lección 2.5: Estrategias de Mediación para la Resolución de Conflictos en Equipos Híbridos,READING,true,https://www.speexx.com/es/speexx-blog/resolucion-de-conflictos-en-un-equipo-lecciones-de-liderazgo/,speexx.com,Fuente de reemplazo encontrada automáticamente,OK,200,,,true,,true,"[R=9/P=5/C=7/A=8=7.3] Reemplazo automático. La fuente es altamente relevante para el tema de la lección, abordando la resolución de conflictos para líderes y mencionando el contexto híbrido. Su estructura es adecuada para un material de lectura. Sin embargo, su profundidad es limitada, funcionando más como una introducción general que como una guía técnica detallada. La calidad es aceptable para un blog de industria, pero no es una fuente académica o de un experto reconocido.",true,,false,2026-01-16 23:42:06.704+00,2026-01-16 23:42:07.025512+00
08dc7eba-ab44-4bd7-80b5-c79d0682c48b,c31da164-fd53-4477-82c2-92592a3343d3,okjmckbxu,Paso 1: Definición del Propósito Claro,READING,true,https://vertexaisearch.cloud.google.com/grounding-api-redirect/AUZIYQFQtdeiQPeJNnU-Q_eT3tBUVAaMaXlmsiLtDZJkyxC7yADQVQCrtn8vab2S2WKkVRJOKKEYvD_D8zJv65VvsCj2-LtRVUwbImNl1x5TDKnH-0jAb4C6fouSmC5K-CTt,Propósito Claro,"Explica la importancia de un propósito claro basándose en el 'Golden Circle' de Simon Sinek, destacando cómo alinea a la organización, motiva al equipo y facilita la toma de decisiones.",OK,200,2026-01-04 00:34:28.082+00,,true,,true,,false,,false,2026-01-04 00:37:28.135888+00,2026-01-04 00:38:15.869479+00
08dcca35-53b1-42f7-b2c8-cec72e914c86,97d46e57-01a1-4b8f-ba2b-a7cd41ca1d40,np0j4unzd,"Lección 3.3: Logística de la Ejecución: Permisos, Tiempos y Consideraciones Legales",READING,true,https://www.iebschool.com/hub/que-es-como-calcula-roi-marketing-estrategico/,iebschool.com,Fuente de pase de recuperación (Google Search),OK,200,,,false,"[R=2/P=7/C=9/A=3=5.3] El contenido explica cómo calcular el ROI (retorno de inversión) y métricas financieras, lo cual es útil para marketing en general, pero NO aborda en absoluto el tema crítico de la lección: logística física, permisos legales y normativas para la ejecución de publicidad de guerrilla.",false,Fuente: recovery_pass_attempt_1. Validado OK.,true,CONTENT_LOW_QUALITY,false,2026-01-15 00:13:23.293+00,2026-01-15 01:44:29.643807+00
0924359b-927c-42bd-905f-c82574c267cf,97d46e57-01a1-4b8f-ba2b-a7cd41ca1d40,v073nde9r,"Lección 4.2: Herramientas de Rastreo: Códigos QR, URLs Únicas y Cupones de Descuento",DIALOGUE,true,https://me-qr.com/es/page/features/qr-code-analytics,Generador gratuito de códigos QR con seguimiento analítico | Me-QR,"Este artículo describe un generador de códigos QR gratuito con funciones de análisis, lo que permite rastrear y analizar los códigos QR. Esto es directamente relevante para la lección sobre herramientas de rastreo.",OK,200,,,true,,true,"[R=9/P=6/C=7/A=8=7.5] El contenido es altamente relevante para la lección sobre herramientas de rastreo, explicando específicamente cómo funcionan los códigos QR con analíticas. Proporciona información técnica útil (integración con Google Analytics, rastreo de escaneos) que sirve perfectamente de base para un diálogo educativo donde se explique cómo medir la efectividad de una campaña física.",true,,false,2026-01-15 00:07:42.213+00,2026-01-15 01:29:15.754901+00
09742fe9-6a1b-4488-8c8e-3b605dfbcbe0,3ab6a429-fda4-454d-bad5-98021f893ebe,i35iu80to,Definiendo la Interfaz ChatGPT,DIALOGUE,true,https://www.youtube.com/watch?v=VAsM_fR_13c,Dominando la Interfaz de OpenAI,"Guía práctica sobre el uso de la barra lateral, historial y gestión de chats.",OK,200,2026-01-04 01:00:50.689+00,,true,,true,,false,,false,2026-01-04 01:07:38.111412+00,2026-01-04 01:08:33.5227+00
09877f38-46e4-4cdc-afd2-c3da13be50ae,c31da164-fd53-4477-82c2-92592a3343d3,rtlhzvcbl,Caso Práctico: Asistente de Atención al Cliente,READING,true,https://vertexaisearch.cloud.google.com/grounding-api-redirect/AUZIYQGqsAM9Ed9obk_7uT5mkIOftGhyrKMb0i4czTNp1XqGnM7xHt38pnCfd-wW5ou7Up_vUX-hNlblgCZW-XqGUXuVS9va1nZABzmmokpAZ8nTSlifjbEyv73dCAllXhPSWB5aZUO9LtaeyIkRZJ8jgfDcVXg0BU_-JlJ0xPk=,5 claves para mejorar tu atención al cliente con un bot | Blog de Botmaker,Ofrece claves para optimizar el tiempo y los recursos invertidos en la atención al cliente mediante chatbots.,OK,200,2026-01-04 00:36:20.492+00,,true,,true,,false,,false,2026-01-04 00:37:28.135888+00,2026-01-04 00:38:23.090706+00
09980ff1-b33c-457e-978c-250bc375392a,799e5d9c-e084-4a5b-ad2b-3dc707486478,hoavyr0wc,Lección 1.4: Sesgos cognitivos en la interpretación de mensajes digitales,VIDEO_GUIDE,false,https://covisian.com/es/tech-post/behavioral-economics-sesgos-cognitivos/,covisian.com,Fuente verificada de Google Search (grounding),OK,200,,,true,,,Fuente: grounding_direct. Validado OK.,false,,false,2026-01-14 01:56:58.558+00,2026-01-14 01:57:00.841943+00
099e2530-de5f-42f8-bb9e-4841339ca889,3c18304c-8207-4a81-99c9-ee4f4a58a06d,eh8cg5jao,Lección 1.1: Auditoría del tiempo real vs. tiempo percibido,READING,true,https://www.contadoresmexico.org.mx/Boletin/perspectiva-general-metodologia-Auditoria-Continua-en-Tiempo-Real,contadoresmexico.org.mx,Fuente verificada de Google Search (grounding),OK,200,,,true,,,Fuente: grounding_direct. Validado OK.,false,,false,2026-01-14 00:15:41.103+00,2026-01-14 00:15:41.381696+00
09f1fa43-cf5a-4810-a8bd-8454a12d23f4,97d46e57-01a1-4b8f-ba2b-a7cd41ca1d40,3v19zw56a,Lección 3.1: Marketing Ambiental: Integrando tu Mensaje en el Entorno Urbano,DIALOGUE,true,https://verdesdigitales.com/2024/05/29/marketing-verde-educacion-ambiental/,Marketing verde y educación ambiental: similitudes y sinergias - Verdes Digitales,"Este artículo de 2024 discute la colaboración entre marketing verde y educación ambiental, ofreciendo información sobre cómo integrar mensajes en el entorno y crear un diálogo con el público sobre temas de sostenibilidad.",OK,200,,,false,"[R=2/P=6/C=8/A=2=4.5] El contenido confunde el término 'Marketing Ambiental' (Ambient Marketing - técnica de guerrilla en espacios urbanos) con 'Marketing Verde' (ecología y sostenibilidad). Aunque el texto es de calidad, trata sobre educación ambiental y no sobre estrategias físicas de prospección en el entorno urbano, por lo que no es útil para el objetivo de la lección.",false,Fuente: vertex_redirect. Verificado.,true,CONTENT_LOW_QUALITY,false,2026-01-15 00:05:13.613+00,2026-01-15 01:11:26.257683+00
0a063bdf-7ec7-4aed-842a-f503af86f6d6,ff779670-39e4-40fe-8978-54f3dd6a5ba8,9q2ntb4bi,Lección 3.2: Configuración de Trello/Jira para un Flujo de Trabajo Asíncrono Eficiente,QUIZ,true,https://vertexaisearch.cloud.google.com/grounding-api-redirect/AUZIYQH1bFxClX6Y4HOcsP1IZLuOUXlJEZoIGJSvBfFsTfQS2kXJEQHturDBeM4UWGAKw9P20D1N3tD_RQ9bdQ90xpOau2FcVsb-AcfRGiXxXi63idOPFl77nRYlzV6VxLZ4ponMW--R-EfUSNaI77Q03VrSY8wJPfIz1xMiOcMKr1Pn85cPZ-Y314BAjPO5VS44s_bY1PRzwX6JGEVgZlqnAwthaiYQ,Cómo gestionar proyectos ágiles con herramientas como Trello o Jira - Iris Navarra,"Este artículo de 2024 menciona un taller sobre cómo gestionar proyectos ágiles con Trello o Jira, lo que implica que podría contener preguntas o ejercicios prácticos (quiz) relacionados con la configuración de estas herramientas.",OK,200,,,,,,Fuente: vertex_redirect. Verificado.,false,,false,2026-01-16 17:59:52.231+00,2026-01-16 17:59:52.297244+00
0a08d378-5ca3-4f85-853e-95e17d2e9bce,97d46e57-01a1-4b8f-ba2b-a7cd41ca1d40,h1yzoxnxf,Lección 3.4: El Arte de la Documentación: Cómo Capturar tu Campaña para Medios Digitales,VIDEO_DEMO,false,https://www.youtube.com/watch?v=wymKXafmxIE,Tendencias de marketing digital para triunfar en 2024 - YouTube,"Este video explora las tendencias más innovadoras en marketing digital para 2024, incluyendo contenido corto y vertical, geolocalización, video podcast, y el uso de la IA, elementos importantes para la documentación de campañas.",OK,200,,,false,[R=3/P=1/C=5/A=1=2.5] El contenido extraído es insuficiente (solo texto de la interfaz de YouTube) y el título del video ('Tendencias de marketing digital 2024') es demasiado genérico. No aborda el objetivo específico de la lección: técnicas para documentar/capturar visualmente una estrategia de guerrilla física.,false,Fuente: vertex_redirect. Verificado.,true,CONTENT_LOW_QUALITY,false,2026-01-15 00:06:24.892+00,2026-01-15 01:13:56.187607+00
0a1d4fd8-a547-4887-9ebb-bf21d9df55ad,c31da164-fd53-4477-82c2-92592a3343d3,0ogh5mybo,La Premisa Fundamental para Asistentes Reales,DEMO_GUIDE,false,https://vertexaisearch.cloud.google.com/grounding-api-redirect/AUZIYQGY7psApMKK_Oi5P_N9AUOL3OJijBCf9jq_UYeSlw-_VMwEdTb6T5adt2LN1rWPPAR0hd5FsUiQU3EeWL3giclOzsXg5f2u7JDiIjWan2qe1dILo7z3pQCunmlmKpvh3kWkjgnMPU6q9tGbJWGSLMB5ZISrBK5wLoiszOxVuxUyBsypAomxZc33Y0eJKk_mIpEvb4_21TX9AbLE1coh8fNeD0cYyDE=,Cómo crear y personalizar un asistente virtual inteligente sin código - Kore.ai Blog,"Te muestra que de manera fácil es posible crear un asistente virtual inteligente y personalizarlo sin código, un proceso también conocido como desarrollo sin código.",OK,200,2026-01-04 00:32:30.059+00,,true,,true,,false,,false,2026-01-04 00:37:28.135888+00,2026-01-04 00:38:09.48477+00
0a799886-1b2c-4535-9dc2-c7a65c29363c,c31da164-fd53-4477-82c2-92592a3343d3,gl7xxhkvm,Paso 3: Establecimiento de Límites Definidos (Anti-desviación),DIALOGUE,true,https://vertexaisearch.cloud.google.com/grounding-api-redirect/AUZIYQEy3WfBfDI_9AxxoN6dWd__g_AlcGuCFe7KjD8u9XZhu3wVFfhKr8zV7vQs3B0-ujhm5_9r8tmcnFhYRD7aBlc60YIfbybA6RKDrYI_h3ko2cncmk1gJbaESuzEL7iWwmFuQpogB4BaQiUS8aHO4PMHeNqb77-CrleGe0L52fNuyQiVouV1vnGpsc2VZ6CsIDEK54mKbw==,Prompt engineering best practices for ChatGPT - OpenAI Help Center,"Ofrece prácticas recomendadas para el prompt engineering en ChatGPT, incluyendo claridad, especificidad y refinamiento iterativo. Esto ayudará a guiar la interacción con Lia para que sea efectiva y enfocada.",FORBIDDEN,403,2026-01-04 00:34:00.022+00,Acceso prohibido (403),false,Acceso prohibido (403) - Posible paywall o login,,,true,HTTP_403,false,2026-01-04 00:37:28.135888+00,2026-01-04 00:37:55.440834+00
0a8e2a2f-6c86-477c-ad07-0e41ec1525c8,97d46e57-01a1-4b8f-ba2b-a7cd41ca1d40,h1yzoxnxf,Lección 3.4: El Arte de la Documentación: Cómo Capturar tu Campaña para Medios Digitales,QUIZ (CRITICO),true,https://yumagic.com/fotografia-profesional-eventos/,yumagic.com,Fuente de reemplazo encontrada automáticamente,OK,200,,,true,,true,"[R=7/P=7/C=8/A=9=7.8] Reemplazo automático. El artículo ofrece consejos técnicos y prácticos sobre fotografía (iluminación, preparación, equipo, captura de detalles) que son directamente aplicables a la Lección 3.4, cuyo objetivo es enseñar a documentar campañas físicas. Aunque el texto habla de 'eventos', los principios son idénticos para documentar una acción de marketing de guerrilla. La estructura de 'tips' facilita enormemente la creación de un Quiz.",true,,false,2026-01-15 01:23:12.083+00,2026-01-15 01:23:11.663871+00
0af389db-d827-4562-963d-3064432e62d4,5b3e89ae-ed27-401d-a6e5-aa5904cb407a,hqwj0ojiy,Checklist final y prueba de producto,DEMO_GUIDE,false,https://www.tiktok.com/@simplifok/video/7491263159618014486,5 Aplicaciones para la Gestión de Tareas Impulsadas por IA,"Se centra en la gestión de tareas general y herramientas externas como Google Calendar, alejándose del proceso técnico de probar o demostrar un GPT.",OK,200,,,true,,true,,false,,false,2026-01-03 23:25:52.293807+00,2026-01-03 23:27:53.311913+00
0b06fd17-ece0-4038-8ae3-ada41b4fe434,c31da164-fd53-4477-82c2-92592a3343d3,qc6fuy2yo,Cubre la importancia de estos tres componentes para influir en la salida del modelo de lenguaje.,DEMO_GUIDE,false,https://vertexaisearch.cloud.google.com/grounding-api-redirect/AUZIYQFUzWZHx6Yj68dtxyfIScrhXxsJK7DfvnehXjyRa4_5TWrOb_6QCP1O3xaaXmMcceggUZQ_yJK7hYtcqukb4b_TXWHX_9U1hTztFDqWhh__CDxrJQYIrRYQzv3oKJ2XeDUc,Modelos - Prompt Engineering Guide,"Esta guía cubre algunos de los modelos de lenguaje más recientes y cómo aplican técnicas de ingeniería de generación de texto, lo cual es útil para entender cómo crear demostraciones efectivas.",OK,200,2026-01-04 00:32:03.921+00,,true,,true,,false,,false,2026-01-04 00:37:28.135888+00,2026-01-04 00:38:08.251236+00
0b14e0a9-d4a4-4617-8550-8a747f0a3601,5b3e89ae-ed27-401d-a6e5-aa5904cb407a,r8m8qdfyo,Paso 4: Programación del estilo y tono de comunicación,READING,true,https://es.scribd.com/document/906146965/Domina-ChatGPT-en-3-di-as-Agosto-2025,Domina ChatGPT en 3 Días - Agosto 2025 | PDF,"Aunque es generalista, incluye guías específicas para mejorar la comunicación con el modelo, lo cual es la base para definir un estilo y tono coherente.",OK,200,,,true,,true,,false,,false,2026-01-03 23:25:52.293807+00,2026-01-03 23:27:54.566963+00
0b3cb70a-2105-43a9-be50-ab1460d727d6,c31da164-fd53-4477-82c2-92592a3343d3,41qeevjet,Paso 2: Instrucciones de Comportamiento Efectivas,DIALOGUE,true,https://vertexaisearch.cloud.google.com/grounding-api-redirect/AUZIYQHBZHU1KTnGFPHw4k6CDJmiXkfOGqy-9OEFMdAS-4EjEwMfxy2SM_eDV2hcN9rw5a4sjI0HVDepDJ6MjHhfD-WyKPLHWkTQcDpJcYKIK_xwmpfDM2Y9ttTx5GrIuy3HnyCPu0jrxoPvvbsKSq2-Sko7SkBXMvgOWGE-UOtSAkTg1oFa0U-if1ftDLt8vsJxDHx1,Cómo escribir prompts (instrucciones) para Chat GPT - Profesor Productivo,"Ofrece consejos útiles para redactar prompts efectivos, incluyendo la importancia de ser específico y aportar ejemplos.",OK,200,2026-01-04 00:32:54.036+00,,true,,true,,false,,false,2026-01-04 00:37:28.135888+00,2026-01-04 00:38:09.63644+00
0b422821-5e05-4ca6-aa00-1aaf26d7b271,a67a2719-7964-4719-9145-bd2625efa331,3h77519qe,Lección 2.5: Estrategias de Mediación para la Resolución de Conflictos en Equipos Híbridos,QUIZ,true,https://vertexaisearch.cloud.google.com/grounding-api-redirect/AUZIYQEoRoNHY3QBCeLfu57LSzcGmIvpRjmEyEZca9CRD0iW_8b2Lq97O08AUgXLg-FAijPggwNFMBql8m617GxiXofDqV-YaOl8ckjnXiQPXwJMXRAGQwvH-_kS1tp1Mg68vkPVuTVQkHrorab4HxmXFAYPSoWGbm_uby4hPOptiDLYaKO3BuWechqQdXqhU6TLF77Do33AvPfpCmsV1301i5hWPW9uPMi1XDLvpHV60S4WCw==,"En un mundo de conflictos, tres estrategias de resolución para utilizar en el trabajo en 2024",Este artículo de finales de 2023 describe tres estrategias para la resolución de conflictos en el entorno laboral que pueden servir como base para preguntas de un quiz.,OK,200,,,false,"[R=4/P=3/C=7/A=2=4] El artículo es demasiado general y superficial. Aunque trata sobre la resolución de conflictos, no se enfoca en las 'estrategias de mediación' ni en el contexto específico de 'equipos híbridos', que son los dos pilares de la lección. Su contenido es más motivacional que técnico, lo que lo hace inadecuado para construir un quiz con datos concretos para gerentes.",false,Fuente: vertex_redirect. Verificado.,true,CONTENT_LOW_QUALITY,false,2026-01-16 23:18:33.521+00,2026-01-16 23:41:23.490329+00
0b6c3185-c7da-4923-8e9b-b066c1c16e3f,97d46e57-01a1-4b8f-ba2b-a7cd41ca1d40,v073nde9r,"Lección 4.2: Herramientas de Rastreo: Códigos QR, URLs Únicas y Cupones de Descuento",EXERCISE,false,https://www.shopify.com/es/blog/ideas-para-codigos-de-descuento,shopify.com,Fuente verificada de Google Search (grounding),OK,200,,,true,,true,[R=8/P=8/C=9/A=9=8.5] El contenido es excelente para la parte de 'Cupones de Descuento' de la lección. Ofrece 21 ideas concretas que sirven perfectamente como base para un ejercicio donde el freelancer debe definir qué tipo de oferta incluirá en su material físico (QR/Flyer) para rastrear la efectividad.,true,,false,2026-01-15 00:08:16.569+00,2026-01-15 01:30:11.649174+00
0b72351f-b270-4cb5-9ea7-cabf41c352bb,799e5d9c-e084-4a5b-ad2b-3dc707486478,wxawyspaj,Lección 1.3: Fatiga por videoconferencias y sobrecarga sensorial sincrónica,EXERCISE,false,https://www.colegiojurista.com/blog/art/alcance-probatorio-validez-juridica-en-correos-electronicos/,colegiojurista.com,Fuente verificada de Google Search (grounding),OK,200,,,true,,,Fuente: grounding_direct. Validado OK.,false,,false,2026-01-14 01:58:08.551+00,2026-01-14 01:58:12.47137+00
0b7caf3a-1a10-483c-88ed-8892630c42ff,c31da164-fd53-4477-82c2-92592a3343d3,7im62gxsm,Definición de Funciones y Tono para el Asistente GPT,DEMO_GUIDE,false,https://vertexaisearch.cloud.google.com/grounding-api-redirect/AUZIYQESG-HEsN56WrdIQraKYpnS_ZxR9KWcaQj1IYuykKn8D9nj96TeX5ZE39gPS4uyOxJVg84iJz26NufvNQY_OGYEapLyYT0Xa_9FrBa7U9oNSCFiNvj8ZU8OBMAvILv95CsEundLk4U=,Cómo hacer Fine-Tuning de GPT 3.5: Guía Paso a Paso | Tutorial con Código - YouTube,"Guía paso a paso sobre cómo hacer fine-tuning de GPT 3.5 para personalizar el modelo de ChatGPT, adaptándolo a datos y objetivos específicos.",OK,200,2026-01-04 00:35:36.65+00,,true,,true,,false,,false,2026-01-04 00:37:28.135888+00,2026-01-04 00:38:20.502757+00
0b804557-a39e-4fd4-a0c3-a1a074db04bb,3c18304c-8207-4a81-99c9-ee4f4a58a06d,fz5d6yof3,Lección 1.4: Análisis de cronotipos y gestión de energía biológica,VIDEO_GUIDE,false,https://www.cienciayeducacion.com/index.php/journal/article/view/zenodo.14947810,cienciayeducacion.com,Fuente verificada de Google Search (grounding),OK,200,,,true,,,Fuente: grounding_direct. Validado OK.,false,,false,2026-01-14 00:15:07.132+00,2026-01-14 00:15:09.249396+00
0badb498-1bf8-4107-85c4-67472d572eaf,3ab6a429-fda4-454d-bad5-98021f893ebe,kbutuklxb,La Premisa Fundamental para Asistentes Reales,DEMO_GUIDE,false,https://www.eesel.ai/blog/how-to-build-a-custom-gpt,Tutorial: Construyendo un GPT básico (eesel.ai),Muestra ejemplos prácticos de cómo ajustar la personalidad y reglas en la pestaña 'Configure'.,OK,200,2026-01-04 01:03:06.972+00,,true,,true,,false,,false,2026-01-04 01:07:38.111412+00,2026-01-04 01:08:39.338056+00
0bd118d0-6498-466c-b9f6-9b4b1571d8f9,5bc7c2e4-b8da-4359-bb5d-ae40190db733,m4qy194y4,Lección 5.3: Creación de una Estrategia para Gestionar el Cambio en el Equipo,QUIZ,true,https://vertexaisearch.cloud.google.com/grounding-api-redirect/AUZIYQHZ1KbhTxFVqCDb63XfAJkxNK4ESKPMn6Io-lVVVuwH_Exda5PxzknUx_uj5iZWbjfLC2S2PHR211eXR2gBp6DtWPGmchBDeDX0cgr3rFzD-weVmoZGxoUTT1JEdR33Hk7C1aZBXTmd0Ss5kXZCjw5clofhEeccAXWzUQEwpaFSkO4dIM845sTbKgKciWc2ufNDJlR5Y3cAtjN1Sx0cniOUkQ==,Estrategias para gestionar el cambio organizacional en tiempos de incertidumbre - Buk,"Este artículo de 2024 ofrece estrategias para gestionar el cambio organizacional, incluyendo la capacitación y el empoderamiento de los empleados, lo cual es útil para un quiz sobre la creación de una estrategia para gestionar el cambio.",OK,200,,,,,,Fuente: vertex_redirect. Verificado.,false,,false,2026-01-16 06:21:40.672+00,2026-01-16 06:21:40.862759+00
0bd518b6-b100-4933-933b-e630c5ac3699,5b3e89ae-ed27-401d-a6e5-aa5904cb407a,5sxemp6kb,Plantilla estructurada para configurar un GPT,DIALOGUE,true,https://www.reddit.com/r/ChatGPTPro/comments/1lthknx/how_do_i_get_chatgpt_to_stop_telling_me_only_what/?tl=es-419,¿Cómo hago para que ChatGPT deje de decirme solo lo ...,"Es extremadamente útil para el componente de diálogo, ya que enseña cómo dar instrucciones avanzadas para evitar respuestas genéricas y profundizar en la interacción del GPT.",OK,200,,,true,,true,,false,,false,2026-01-03 23:25:52.293807+00,2026-01-03 23:27:47.400801+00
0cabf8cc-447c-450c-9a53-af5ff11894b4,ce1241e0-a044-4daf-ba8e-732ef6d1b570,extraccion-datos-tablas,Extracción de Datos de Tablas,DIALOGUE,true,https://dev.to/pavanbelagatti/how-to-extract-table-data-from-pdf-using-gpt-4-vision-2m79,Tutorial: Converting PDF tables to CSV with AI,"Artículo técnico en Dev.to que muestra el flujo de trabajo para pasar de datos no estructurados a tablas limpias, útil para el debate sobre casos de uso.",NOT_FOUND,404,2025-12-31 15:53:58.287+00,Página no encontrada,false,Pagina no encontrada (404),,(Intento 2),true,HTTP_404,false,2025-12-31 15:53:44.30152+00,2025-12-31 15:53:58.584379+00
0cb6fc8d-2a18-4350-bb4f-3d76c2d14320,799e5d9c-e084-4a5b-ad2b-3dc707486478,2iawei0tg,Lección 4.3: Feedback 360 sobre habilidades de escucha activa virtual,DEMO_GUIDE,false,https://www.equiposytalento.com/elsector/el-feedback-360-una-mirada-al-presente-para-inspirar-el-futuro/2023-09-07/,equiposytalento.com,Fuente verificada de Google Search (grounding),OK,200,,,true,,,Fuente: grounding_direct. Validado OK.,false,,false,2026-01-14 02:01:17.578+00,2026-01-14 02:01:18.576511+00
0cbdc971-81b3-4c06-b10a-7e7f2939d805,c31da164-fd53-4477-82c2-92592a3343d3,c1nyzpf3o,Definiendo la Interfaz ChatGPT,READING,true,https://vertexaisearch.cloud.google.com/grounding-api-redirect/AUZIYQEZIA25o6LtilACK6jczOopnlwkZJHXQ6IE2hXhrYlSHTbswni8YZbhVDJ_PNDBrJEW3-JeLNGcU5XHyQDgkRLM-KDi-Pw21K7bTKMZksHDYMUVAOAwbwgjLZXwn3C58zKA_jrlMmiAWgxWPumnhLwG3771r6MGa3p2ZlKp-GFj2tqBLhfpM_WILBD8oJosijpkIoN-z1YXjG4=,Cómo dominar la interfaz de ChatGPT en 5 sencillos pasos,"Esta guía completa explica cómo dominar la interfaz de ChatGPT en cinco sencillos pasos, incluyendo la generación de ideas creativas, la creación de titulares y introducciones atractivas, y la personalización de la comunicación.",OK,200,2026-01-04 00:30:09.001+00,,true,,true,,false,,false,2026-01-04 00:37:28.135888+00,2026-01-04 00:38:03.188465+00
0d312466-24c3-4cd3-bf97-58a0d70a4ea5,be425f0e-7de9-4382-9bf7-6e1430fbc97b,flmpe31oy,Guiones de Ventas de Elevator Pitch,QUIZ,true,https://platform.openai.com/docs/guides/text-generation,OpenAI API Documentation - Capabilities,Para validar preguntas técnicas sobre cómo ChatGPT procesa el tono y estilo.,FORBIDDEN,403,2025-12-30 16:44:25.703+00,Acceso prohibido (403),false,Acceso prohibido (403) - Posible paywall o login,,,true,HTTP_403,false,2025-12-30 16:45:11.650137+00,2025-12-30 16:45:18.761283+00
0d4ca217-24b0-48ee-9699-ca39b7ae05e1,5b3e89ae-ed27-401d-a6e5-aa5904cb407a,L1_CH_INTERFAZ,ChatGPT como interfaz: la “mente sin forma”,DIALOGUE,true,https://medium.com/mlearning-ai/the-latent-space-the-essence-of-generative-ai-6500072054a6,The Latent Space: El espacio donde reside la mente de la IA,"Un artículo técnico-divulgativo que explica el concepto de 'espacio latente', que es la representación matemática de esa 'mente sin forma'.",FORBIDDEN,403,2026-01-03 23:29:15.517+00,Acceso prohibido (paywall o login),false,Acceso prohibido (403) - Posible paywall o login,,(Intento 2),true,HTTP_403,false,2026-01-03 23:28:43.954646+00,2026-01-03 23:29:15.749789+00
0d63813d-56c7-49b8-befb-5b11afb1095a,5b3e89ae-ed27-401d-a6e5-aa5904cb407a,hqwj0ojiy,Checklist final y prueba de producto,QUIZ,true,https://libraria.xunta.gal/sites/default/files/documents/12-0280.pdf,Guía de Práctica Clínica de Prevención y Tratamiento de la ...,"Se trata de un documento médico sobre salud mental y prevención del suicidio, sin ninguna relación con la creación de GPTs o tecnología.",OK,200,,,true,,true,,false,,false,2026-01-03 23:25:52.293807+00,2026-01-03 23:27:52.723542+00
0de36d28-ef10-4a2a-a504-f80f9dc9635d,3c18304c-8207-4a81-99c9-ee4f4a58a06d,zll6g4gr2,Lección 2.1: Distinción entre urgencia e importancia con Eisenhower,VIDEO_GUIDE,false,https://www.edicards.es/como-diferenciar-lo-importante-de-lo-urgente-conoce-el-metodo-matriz-eisenhower-para-aplicar-en-tus-agendas-y-calendarios/,edicards.es,Fuente verificada de Google Search (grounding),OK,200,,,true,,,Fuente: grounding_direct. Validado OK.,false,,false,2026-01-14 00:17:00.76+00,2026-01-14 00:17:03.296147+00
0e500c52-be00-4e40-94d8-f24812dc33dd,be425f0e-7de9-4382-9bf7-6e1430fbc97b,flmpe31oy,Guiones de Ventas de Elevator Pitch,DIALOGUE,true,https://ocw.mit.edu/courses/15-390-new-enterprises-spring-2013/,Entrepreneurial Leadership Video Lectures,Material de MIT que incluye demostraciones reales de presentaciones de negocios y guiones de venta.,OK,200,2025-12-30 16:44:55.928+00,,true,,true,,false,,false,2025-12-30 16:45:11.650137+00,2025-12-30 16:45:23.269986+00
0e57346f-3b05-436e-99c5-cdca7b075fee,a67a2719-7964-4719-9145-bd2625efa331,8mi70ew1y,Lección 2.4: Gestión de Conversaciones Difíciles y Feedback Constructivo,VIDEO_DEMO,false,https://vertexaisearch.cloud.google.com/grounding-api-redirect/AUZIYQFTdLYDi4NhCuD6IGal5q-p_6tgi0SBO6klx3irIhpHdoLD7VGY-ob6eNSmzI8DJ10Tj1xD1IeDJfjGswABA4LaREe9LXzCz5D3KqH-sysgaUJ_zF2XG_X0tit_gSVXnX5ceYlP6pQ=,"Cómo mantener conversaciones difíciles, el arte de dar #feedback | Claudio H Olalla","Este recurso, aunque es un video, demuestra cómo mantener conversaciones difíciles y dar feedback, ofreciendo ejemplos y herramientas para gestionar estas situaciones.",OK,200,,,false,"[R=10/P=4/C=3/A=5=5.5] El promedio de 5.5 no alcanza el mínimo de 7.0. Aunque la relevancia temática es perfecta, la fuente falla críticamente en calidad y profundidad. Al ser un video de YouTube de un autor no verificado, no cumple con los estándares de confiabilidad para un curso profesional. La profundidad del contenido es desconocida y probablemente superficial.",false,Fuente: vertex_redirect. Verificado.,true,CONTENT_LOW_QUALITY,false,2026-01-16 23:17:36.551+00,2026-01-16 23:39:46.680003+00
0e805161-7578-437f-af7a-2c91a83494c3,799e5d9c-e084-4a5b-ad2b-3dc707486478,gkzpha3in,Lección 4.4: Optimización del flujo de información organizacional,VIDEO_DEMO,false,https://revistasbnjm.sld.cu/index.php/BAI/article/view/852,sld.cu,Fuente verificada de Google Search (grounding),OK,200,,,true,,,Fuente: grounding_direct. Validado OK.,false,,false,2026-01-14 02:02:09.407+00,2026-01-14 02:02:09.472848+00
0e8312e6-ac2c-4575-bcfd-e9fcc5075dc5,c31da164-fd53-4477-82c2-92592a3343d3,gl7xxhkvm,Paso 3: Establecimiento de Límites Definidos (Anti-desviación),READING,true,https://vertexaisearch.cloud.google.com/grounding-api-redirect/AUZIYQE-l0bcf4PIirFt_huF-caNrGJfP1nvQ7v9wks8XHD3SC-hzoGa4NFOdmY_Dlry6gJEhulc6xxjROgeKgut9D20RiHkDWgam8Z56Z31zWV5h815QKCsuVrk_CZIXzpGfB-U6jz7i-Uu29Za5-oYk6EFTuU=,Prompt Injection - OWASP Foundation,"Explica en detalle el ataque de prompt injection, cómo funciona, y las posibles mitigaciones, incluyendo la sanitización de entradas y el diseño robusto de prompts. Es fundamental para entender cómo proteger los GPTs de manipulaciones.",OK,200,2026-01-04 00:34:00.024+00,,true,,true,,false,,false,2026-01-04 00:37:28.135888+00,2026-01-04 00:38:13.929417+00
0ed00f8a-0f91-49af-90b2-3b650b1e6514,3ab6a429-fda4-454d-bad5-98021f893ebe,zfxtqcjvb,¿Qué es un modelo de lenguaje?,READING,true,https://en.wikipedia.org/wiki/Large_language_model,Large language model - Wikipedia,"Contenido exhaustivo sobre modelos de lenguaje de gran escala, su arquitectura y el entrenamiento detrás de herramientas como GPT.",OK,200,2026-01-04 01:02:40.368+00,,true,,true,,false,,false,2026-01-04 01:07:38.111412+00,2026-01-04 01:08:37.519169+00
0ed4cc43-2dbf-4337-a0a4-96923f394668,5bc7c2e4-b8da-4359-bb5d-ae40190db733,chnuaeuj8,Lección 2.2: Uso de Marcos de Feedback Constructivo para el Desarrollo del Talento,VIDEO_DEMO,false,https://vertexaisearch.cloud.google.com/grounding-api-redirect/AUZIYQFTWvjrnRUAxJpFS0zpqhVaKy6pVRE6iA9GOVZZLPszxBCMkI4OBYR98B-wsNynX7KCtAF2LK2VTSWEaUmyPZXb5DvA8DhPKYCpz96OHTxKrtRlITKoSkgnZhLZnCXnVbMTsmeiyLpByPxfnwff04b_sQWQAnBClc8qJeFX3dSR0rLNKgqM0pt0wo9ylxZB1oHyklzndz7iUK2DCWIswnfikNgLKQ==,adecco.com,Fuente de Google Search reasignada,OK,200,,,,,,Fuente: grounding_reassigned. Validado OK.,false,,false,2026-01-16 06:16:33.485+00,2026-01-16 06:16:32.174484+00
0ef5f962-80b7-4580-934f-7a050866ff3b,ce1241e0-a044-4daf-ba8e-732ef6d1b570,049ah9qcl,Resumen de Reportes Financieros,READING,true,https://platform.openai.com/docs/guides/prompt-engineering/strategy-summarize-long-documents,OpenAI Prompt Engineering Guide: Summarizing,"Documentación oficial sobre cómo estructurar prompts para resumir documentos extensos, crucial para reportes financieros.",FORBIDDEN,403,2025-12-31 15:51:51.053+00,Acceso prohibido (paywall o login),false,Acceso prohibido (403) - Posible paywall o login,,,true,HTTP_403,false,2025-12-31 15:51:49.671547+00,2025-12-31 15:53:47.022788+00
0f24e649-c0d2-4b1a-967e-c4d6584e025f,97d46e57-01a1-4b8f-ba2b-a7cd41ca1d40,p1ts2ajtu,Lección 1.3: Copywriting de Respuesta Directa: Cómo Incitar a la Acción en Medios Físicos,DIALOGUE (CRITICO),true,https://www.youtube.com/watch?v=4NLYhWheeEs,Cómo el Copywriting de Respuesta Directa transforma negocios con estrategias auténticas,"Este artículo de 2024 explica cómo el copywriting de respuesta directa puede transformar negocios a través de estrategias auténticas, que es directamente relevante para la lección.",OK,200,,,false,"[R=8/P=0/C=2/A=0=2.5] El contenido extraído consta únicamente del título del video y el texto del pie de página de YouTube (derechos de autor, enlaces de menú). No se ha extraído la transcripción ni la descripción del video, por lo que no existe material educativo real para construir el diálogo o la lección.",false,Fuente: vertex_redirect. Verificado.,true,CONTENT_LOW_QUALITY,false,2026-01-15 00:02:26.763+00,2026-01-15 00:58:57.696051+00
0f3b4d1d-ad36-405f-9c1d-6c87062739d5,3ab6a429-fda4-454d-bad5-98021f893ebe,jjz4sg81o,Gestión de la Memoria de Conversación y la Memoria de Cuenta,QUIZ,true,https://zapier.com/blog/chatgpt-memory/,Diferencias funcionales: Instrucciones vs Memoria,Permite crear preguntas de opción múltiple sobre cuándo usar una herramienta u otra.,NOT_FOUND,404,2026-01-04 01:01:15.142+00,Pagina no encontrada (404),false,Pagina no encontrada (404),,,true,HTTP_404,false,2026-01-04 01:07:38.111412+00,2026-01-04 01:09:23.554967+00
0f503c59-8098-481f-b8f6-2e5fa4835b05,0ef46dd5-6802-48e4-a802-f30e2f02640c,uxag3fjgt,Lección 2.1: Condicionales If-Else y operadores de comparación,DEMO_GUIDE,false,https://es.wikipedia.org/wiki/Sentencia_condicional,Sentencia condicional en programación,Provee la base teórica necesaria para comprender cómo las computadoras toman decisiones basadas en condiciones booleanas.,OK,200,2026-01-10 15:10:33.517+00,,,,,,false,,false,2026-01-10 15:14:04.849785+00,2026-01-10 15:14:04.849785+00
0f558083-417a-41fa-9dc4-e2e8f52a538f,5b3e89ae-ed27-401d-a6e5-aa5904cb407a,L2_P3_LIMITES,Paso 3: Establecimiento de límites definidos (anti-desviación),READING,true,https://www.promptingguide.ai/es/introduction/settings,Guía de Ingeniería de Prompts: Ajustes de Control,Documentación exhaustiva sobre cómo usar parámetros y directrices para evitar que el modelo se desvíe del objetivo (hallucination and drift).,OK,200,2026-01-03 23:29:16.003+00,,,,,(Intento 2),false,,false,2026-01-03 23:28:43.954646+00,2026-01-03 23:29:16.517881+00
0f5e6d11-5fe3-4da2-9075-d9b714e7b334,5b3e89ae-ed27-401d-a6e5-aa5904cb407a,4mlduilek,"Las tres funciones clave: Memoria, Contexto e Instrucciones",QUIZ,true,https://es.wikipedia.org/wiki/Wikipedia:Caf%C3%A9_(todos),"Wikipedia:Café (todos) - Wikipedia, la enciclopedia libre","Es una página de coordinación interna de Wikipedia que no contiene información sobre inteligencia artificial, modelos de lenguaje o la configuración de GPTs.",OK,200,,,true,,true,,false,,false,2026-01-03 23:25:52.293807+00,2026-01-03 23:27:33.744175+00
0f7a68cd-4592-4658-8f9a-05bbb91fac1d,c31da164-fd53-4477-82c2-92592a3343d3,uk8rewvy6,Paso 4: Programación del Estilo y Tono de Comunicación,QUIZ,true,https://vertexaisearch.cloud.google.com/grounding-api-redirect/AUZIYQHPjhs3w6vT_a2ShDicMwDF9ABbxGgEbJsMBFw4ex52ZH96KkqxMbNuEc7b3qbjc7sa0jNJv_0XmnwI7c15KYk20XzC3apot0vdvlmvY8toK3l1Z4gvDGINbVZV3FMciiDe5zk7Dd64U_oYpAoATOWV70WRKcN3qc7k7IE-dO4fujrNrK9dgAHxotrhPyc-B-zthzPhv1D2uxDWNf2RJSFtYJefuR8=,Dominando el tono con IA: Cinco prompts de Sider para controlar la formalidad y el estilo,"El artículo presenta diferentes prompts para controlar el tono y estilo de la IA, lo cual permite crear preguntas que evalúen la comprensión de los usuarios sobre cómo ajustar la formalidad y el estilo en la comunicación con IA.",FORBIDDEN,403,2026-01-04 00:37:22.256+00,Acceso prohibido (403),false,Acceso prohibido (403) - Posible paywall o login,,,true,HTTP_403,false,2026-01-04 00:37:28.135888+00,2026-01-04 00:37:52.359612+00
0fb6857f-6d10-4d6e-ad94-8c3939a704de,0ef46dd5-6802-48e4-a802-f30e2f02640c,dy4yeyqfe,Lección 1.3: Operaciones aritméticas y lógicas básicas,QUIZ,true,https://www.programiz.com/python-programming/operators,Python Operators with Examples - Programiz,Presenta ejemplos de código con resultados esperados que sirven como base perfecta para preguntas de opción múltiple sobre lógica y aritmética.,OK,200,2026-01-10 15:08:36.022+00,,,,,,false,,false,2026-01-10 15:14:04.849785+00,2026-01-10 15:14:04.849785+00
0fe6b03b-45a6-4722-9e8e-5f65a03718a6,5b3e89ae-ed27-401d-a6e5-aa5904cb407a,r8m8qdfyo,Paso 4: Programación del estilo y tono de comunicación,QUIZ,true,https://www.microsiervos.com/archivo/ordenadores/,Archivo por categorías | Ordenadores,"Trata sobre la historia de la computación y hardware antiguo (Colossus, superordenadores), lo cual es totalmente ajeno al diseño de instrucciones de comunicación para modelos de lenguaje.",OK,200,,,true,,true,,false,,false,2026-01-03 23:25:52.293807+00,2026-01-03 23:27:55.441711+00